{
"meta":{"test_sets":[],"test_metrics":[],"learn_metrics":[{"best_value":"Min","name":"Logloss"}],"launch_mode":"Train","parameters":"","iteration_count":200,"learn_sets":["learn"],"name":"experiment"},
"iterations":[
{"learn":[0.6851755778],"iteration":0,"passed_time":0.001116133412,"remaining_time":0.2221105491},
{"learn":[0.6790772014],"iteration":1,"passed_time":0.001868852247,"remaining_time":0.1850163724},
{"learn":[0.6709544924],"iteration":2,"passed_time":0.002648033065,"remaining_time":0.1738875046},
{"learn":[0.6640311347],"iteration":3,"passed_time":0.003645138169,"remaining_time":0.1786117703},
{"learn":[0.6553357442],"iteration":4,"passed_time":0.004125096384,"remaining_time":0.160878759},
{"learn":[0.6481835577],"iteration":5,"passed_time":0.00507643278,"remaining_time":0.1641379932},
{"learn":[0.6365344259],"iteration":6,"passed_time":0.005913437077,"remaining_time":0.163041908},
{"learn":[0.628780365],"iteration":7,"passed_time":0.006731481751,"remaining_time":0.161555562},
{"learn":[0.622370561],"iteration":8,"passed_time":0.007627038027,"remaining_time":0.1618626959},
{"learn":[0.6157405641],"iteration":9,"passed_time":0.00853422222,"remaining_time":0.1621502222},
{"learn":[0.6092663341],"iteration":10,"passed_time":0.008915027849,"remaining_time":0.1531763876},
{"learn":[0.60284498],"iteration":11,"passed_time":0.009625848577,"remaining_time":0.150804961},
{"learn":[0.5978959931],"iteration":12,"passed_time":0.01048310834,"remaining_time":0.1507954815},
{"learn":[0.5906159083],"iteration":13,"passed_time":0.0113403177,"remaining_time":0.1506642208},
{"learn":[0.5847321086],"iteration":14,"passed_time":0.0120578503,"remaining_time":0.1487134871},
{"learn":[0.5787673526],"iteration":15,"passed_time":0.01255877306,"remaining_time":0.1444258902},
{"learn":[0.5709181892],"iteration":16,"passed_time":0.01340491358,"remaining_time":0.1442999521},
{"learn":[0.5626050101],"iteration":17,"passed_time":0.01423636218,"remaining_time":0.1439454398},
{"learn":[0.5545809004],"iteration":18,"passed_time":0.01511090721,"remaining_time":0.143951274},
{"learn":[0.5483649572],"iteration":19,"passed_time":0.01601489559,"remaining_time":0.1441340603},
{"learn":[0.5408062405],"iteration":20,"passed_time":0.01661903286,"remaining_time":0.1416574705},
{"learn":[0.5356543859],"iteration":21,"passed_time":0.01703749327,"remaining_time":0.1378488092},
{"learn":[0.5293676058],"iteration":22,"passed_time":0.01788693539,"remaining_time":0.1376516332},
{"learn":[0.5250006782],"iteration":23,"passed_time":0.01873597173,"remaining_time":0.137397126},
{"learn":[0.5168622335],"iteration":24,"passed_time":0.01958776381,"remaining_time":0.1371143467},
{"learn":[0.5126229392],"iteration":25,"passed_time":0.02046591292,"remaining_time":0.1369641865},
{"learn":[0.5086014006],"iteration":26,"passed_time":0.02129571733,"remaining_time":0.136450337},
{"learn":[0.5028611289],"iteration":27,"passed_time":0.02213364847,"remaining_time":0.1359638406},
{"learn":[0.498462783],"iteration":28,"passed_time":0.02300160807,"remaining_time":0.1356301717},
{"learn":[0.492278311],"iteration":29,"passed_time":0.02386544376,"remaining_time":0.1352375147},
{"learn":[0.4869528876],"iteration":30,"passed_time":0.02476139797,"remaining_time":0.1349895567},
{"learn":[0.4824461407],"iteration":31,"passed_time":0.02572644779,"remaining_time":0.1350638509},
{"learn":[0.4771464666],"iteration":32,"passed_time":0.02663339355,"remaining_time":0.1347811128},
{"learn":[0.4714254273],"iteration":33,"passed_time":0.0271659683,"remaining_time":0.1326338452},
{"learn":[0.4667699072],"iteration":34,"passed_time":0.02812630993,"remaining_time":0.1325954611},
{"learn":[0.4610070123],"iteration":35,"passed_time":0.0290795215,"remaining_time":0.1324733757},
{"learn":[0.455783844],"iteration":36,"passed_time":0.03008387443,"remaining_time":0.132531663},
{"learn":[0.4525737762],"iteration":37,"passed_time":0.03044559565,"remaining_time":0.1297943814},
{"learn":[0.4480565389],"iteration":38,"passed_time":0.03105906996,"remaining_time":0.1282182119},
{"learn":[0.4438784917],"iteration":39,"passed_time":0.03194469292,"remaining_time":0.1277787717},
{"learn":[0.4393734402],"iteration":40,"passed_time":0.03279937256,"remaining_time":0.1271975667},
{"learn":[0.4366344346],"iteration":41,"passed_time":0.03331868718,"remaining_time":0.125341728},
{"learn":[0.4323477215],"iteration":42,"passed_time":0.03417622132,"remaining_time":0.1247829476},
{"learn":[0.4279630184],"iteration":43,"passed_time":0.03512298424,"remaining_time":0.1245269441},
{"learn":[0.424182415],"iteration":44,"passed_time":0.03561314684,"remaining_time":0.1226675058},
{"learn":[0.4185851945],"iteration":45,"passed_time":0.03647818499,"remaining_time":0.1221226193},
{"learn":[0.4145474964],"iteration":46,"passed_time":0.03728312368,"remaining_time":0.1213684664},
{"learn":[0.4101893107],"iteration":47,"passed_time":0.03814482676,"remaining_time":0.1207919514},
{"learn":[0.4081692431],"iteration":48,"passed_time":0.03846596225,"remaining_time":0.1185379653},
{"learn":[0.4049983025],"iteration":49,"passed_time":0.0389427891,"remaining_time":0.1168283673},
{"learn":[0.4012957679],"iteration":50,"passed_time":0.03995819227,"remaining_time":0.1167406009},
{"learn":[0.3981796636],"iteration":51,"passed_time":0.04072512948,"remaining_time":0.1159099839},
{"learn":[0.3937937948],"iteration":52,"passed_time":0.04178233323,"remaining_time":0.1158868488},
{"learn":[0.3904311392],"iteration":53,"passed_time":0.04266863469,"remaining_time":0.1153633456},
{"learn":[0.3864839342],"iteration":54,"passed_time":0.04308464142,"remaining_time":0.1135867819},
{"learn":[0.3836430444],"iteration":55,"passed_time":0.04392052466,"remaining_time":0.112938492},
{"learn":[0.3796490563],"iteration":56,"passed_time":0.04461799436,"remaining_time":0.1119363718},
{"learn":[0.3760061794],"iteration":57,"passed_time":0.04544895578,"remaining_time":0.1112715814},
{"learn":[0.373165581],"iteration":58,"passed_time":0.04633087673,"remaining_time":0.1107229427},
{"learn":[0.3692552778],"iteration":59,"passed_time":0.04681261549,"remaining_time":0.1092294361},
{"learn":[0.3669599957],"iteration":60,"passed_time":0.0476269656,"remaining_time":0.10852702},
{"learn":[0.362681018],"iteration":61,"passed_time":0.04860758625,"remaining_time":0.1081910791},
{"learn":[0.3592344655],"iteration":62,"passed_time":0.04927875801,"remaining_time":0.1071617436},
{"learn":[0.3568871021],"iteration":63,"passed_time":0.05012833111,"remaining_time":0.1065227036},
{"learn":[0.3542555968],"iteration":64,"passed_time":0.0506241209,"remaining_time":0.1051424049},
{"learn":[0.3512263828],"iteration":65,"passed_time":0.05146168882,"remaining_time":0.1044828228},
{"learn":[0.348047283],"iteration":66,"passed_time":0.05189205897,"remaining_time":0.1030096096},
{"learn":[0.3435905774],"iteration":67,"passed_time":0.05247011648,"remaining_time":0.1018537555},
{"learn":[0.3415617413],"iteration":68,"passed_time":0.05329697424,"remaining_time":0.1011870091},
{"learn":[0.3392607371],"iteration":69,"passed_time":0.05414088711,"remaining_time":0.1005473618},
{"learn":[0.3359294732],"iteration":70,"passed_time":0.05458907102,"remaining_time":0.09918296003},
{"learn":[0.332754506],"iteration":71,"passed_time":0.05541796429,"remaining_time":0.0985208254},
{"learn":[0.3298405541],"iteration":72,"passed_time":0.05633941851,"remaining_time":0.09801515274},
{"learn":[0.3277770943],"iteration":73,"passed_time":0.05713612674,"remaining_time":0.09728583742},
{"learn":[0.3255607287],"iteration":74,"passed_time":0.05752985489,"remaining_time":0.09588309149},
{"learn":[0.3225236999],"iteration":75,"passed_time":0.0580435944,"remaining_time":0.09470270665},
{"learn":[0.3197910521],"iteration":76,"passed_time":0.05891627995,"remaining_time":0.09411301863},
{"learn":[0.3166056209],"iteration":77,"passed_time":0.05975225286,"remaining_time":0.09345865191},
{"learn":[0.314098835],"iteration":78,"passed_time":0.0606164931,"remaining_time":0.0928429831},
{"learn":[0.3117700153],"iteration":79,"passed_time":0.06098558403,"remaining_time":0.09147837605},
{"learn":[0.3090189828],"iteration":80,"passed_time":0.06166806429,"remaining_time":0.09059876112},
{"learn":[0.3068554136],"iteration":81,"passed_time":0.06247752935,"remaining_time":0.08990668858},
{"learn":[0.3044090006],"iteration":82,"passed_time":0.06337183441,"remaining_time":0.08933138103},
{"learn":[0.3024512397],"iteration":83,"passed_time":0.0642139068,"remaining_time":0.08867634749},
{"learn":[0.2991396056],"iteration":84,"passed_time":0.06504470252,"remaining_time":0.08800165635},
{"learn":[0.2966646883],"iteration":85,"passed_time":0.06545245318,"remaining_time":0.08676255422},
{"learn":[0.2933026685],"iteration":86,"passed_time":0.06608066735,"remaining_time":0.08582891276},
{"learn":[0.2911247942],"iteration":87,"passed_time":0.06693119003,"remaining_time":0.08518515095},
{"learn":[0.2890040874],"iteration":88,"passed_time":0.06745066705,"remaining_time":0.08412386564},
{"learn":[0.2875518269],"iteration":89,"passed_time":0.06832820749,"remaining_time":0.0835122536},
{"learn":[0.2856801086],"iteration":90,"passed_time":0.06948613901,"remaining_time":0.08323065002},
{"learn":[0.2837464545],"iteration":91,"passed_time":0.07036355342,"remaining_time":0.08260069314},
{"learn":[0.2820333375],"iteration":92,"passed_time":0.0708284255,"remaining_time":0.08149076913},
{"learn":[0.2785931693],"iteration":93,"passed_time":0.07176980503,"remaining_time":0.0809319078},
{"learn":[0.2772226863],"iteration":94,"passed_time":0.07226279775,"remaining_time":0.07986940804},
{"learn":[0.275097847],"iteration":95,"passed_time":0.0731999228,"remaining_time":0.07929991637},
{"learn":[0.2734119892],"iteration":96,"passed_time":0.07358172263,"remaining_time":0.07813316939},
{"learn":[0.2714016438],"iteration":97,"passed_time":0.07460477154,"remaining_time":0.07764986426},
{"learn":[0.2698203458],"iteration":98,"passed_time":0.0755057203,"remaining_time":0.07703108838},
{"learn":[0.2682059076],"iteration":99,"passed_time":0.0763645726,"remaining_time":0.0763645726},
{"learn":[0.265545792],"iteration":100,"passed_time":0.07723297062,"remaining_time":0.07570360487},
{"learn":[0.2640090519],"iteration":101,"passed_time":0.07763238918,"remaining_time":0.07458798176},
{"learn":[0.2614422904],"iteration":102,"passed_time":0.07829751517,"remaining_time":0.07373649487},
{"learn":[0.2598614428],"iteration":103,"passed_time":0.07875571257,"remaining_time":0.07269758083},
{"learn":[0.2578389115],"iteration":104,"passed_time":0.07921165504,"remaining_time":0.07166768789},
{"learn":[0.2555033101],"iteration":105,"passed_time":0.08007818078,"remaining_time":0.07101272635},
{"learn":[0.2534258101],"iteration":106,"passed_time":0.08060296556,"remaining_time":0.07005678315},
{"learn":[0.2514171071],"iteration":107,"passed_time":0.08101333313,"remaining_time":0.06901135785},
{"learn":[0.2494996919],"iteration":108,"passed_time":0.08185416505,"remaining_time":0.06833696348},
{"learn":[0.2477707863],"iteration":109,"passed_time":0.08243823817,"remaining_time":0.06744946759},
{"learn":[0.2453414864],"iteration":110,"passed_time":0.08332160703,"remaining_time":0.06680741465},
{"learn":[0.2432177332],"iteration":111,"passed_time":0.08457065077,"remaining_time":0.06644836846},
{"learn":[0.2412191762],"iteration":112,"passed_time":0.08525485249,"remaining_time":0.06563869174},
{"learn":[0.23928131],"iteration":113,"passed_time":0.08590674232,"remaining_time":0.0648068407},
{"learn":[0.2376229498],"iteration":114,"passed_time":0.08661393294,"remaining_time":0.06401899391},
{"learn":[0.2359478209],"iteration":115,"passed_time":0.08730893986,"remaining_time":0.06322371507},
{"learn":[0.2345379723],"iteration":116,"passed_time":0.08783370688,"remaining_time":0.0623093818},
{"learn":[0.2326312595],"iteration":117,"passed_time":0.08878511642,"remaining_time":0.06169813175},
{"learn":[0.2304195828],"iteration":118,"passed_time":0.08942025155,"remaining_time":0.06086588551},
{"learn":[0.2288401127],"iteration":119,"passed_time":0.09031440165,"remaining_time":0.0602096011},
{"learn":[0.2276443905],"iteration":120,"passed_time":0.0912662839,"remaining_time":0.05958707792},
{"learn":[0.2259457376],"iteration":121,"passed_time":0.09222005621,"remaining_time":0.05896036381},
{"learn":[0.2243688371],"iteration":122,"passed_time":0.09311810377,"remaining_time":0.05829344708},
{"learn":[0.2229541408],"iteration":123,"passed_time":0.09405046154,"remaining_time":0.05764383127},
{"learn":[0.2221533457],"iteration":124,"passed_time":0.0944088171,"remaining_time":0.05664529026},
{"learn":[0.2204307715],"iteration":125,"passed_time":0.09536082043,"remaining_time":0.05600556121},
{"learn":[0.2191023297],"iteration":126,"passed_time":0.09631441299,"remaining_time":0.05536182794},
{"learn":[0.2170178625],"iteration":127,"passed_time":0.09725961808,"remaining_time":0.05470853517},
{"learn":[0.2154947254],"iteration":128,"passed_time":0.09783281699,"remaining_time":0.05384596904},
{"learn":[0.2134091059],"iteration":129,"passed_time":0.09876784951,"remaining_time":0.0531826882},
{"learn":[0.2117385334],"iteration":130,"passed_time":0.09968415918,"remaining_time":0.05250539682},
{"learn":[0.2107807663],"iteration":131,"passed_time":0.1001958673,"remaining_time":0.05161605286},
{"learn":[0.2093966405],"iteration":132,"passed_time":0.1010441793,"remaining_time":0.05090195498},
{"learn":[0.2074725363],"iteration":133,"passed_time":0.1019722156,"remaining_time":0.05022512113},
{"learn":[0.2059619692],"iteration":134,"passed_time":0.1024861985,"remaining_time":0.04934520669},
{"learn":[0.2054145336],"iteration":135,"passed_time":0.102794571,"remaining_time":0.04837391575},
{"learn":[0.2034120427],"iteration":136,"passed_time":0.1037592857,"remaining_time":0.04771412407},
{"learn":[0.2018437386],"iteration":137,"passed_time":0.104630113,"remaining_time":0.04700773193},
{"learn":[0.2003571457],"iteration":138,"passed_time":0.1057019554,"remaining_time":0.04638718905},
{"learn":[0.198510925],"iteration":139,"passed_time":0.1067289199,"remaining_time":0.04574096568},
{"learn":[0.1966632737],"iteration":140,"passed_time":0.1076819927,"remaining_time":0.04505842246},
{"learn":[0.1954121325],"iteration":141,"passed_time":0.1081870344,"remaining_time":0.04418907037},
{"learn":[0.1944650544],"iteration":142,"passed_time":0.108503365,"remaining_time":0.04324959303},
{"learn":[0.1929487255],"iteration":143,"passed_time":0.1094018886,"remaining_time":0.04254517888},
{"learn":[0.1915601624],"iteration":144,"passed_time":0.1102924437,"remaining_time":0.04183506484},
{"learn":[0.1900851859],"iteration":145,"passed_time":0.1111266885,"remaining_time":0.04110165191},
{"learn":[0.188605335],"iteration":146,"passed_time":0.112068535,"remaining_time":0.04040566227},
{"learn":[0.1874822246],"iteration":147,"passed_time":0.1125411491,"remaining_time":0.03954148481},
{"learn":[0.1866057184],"iteration":148,"passed_time":0.1134339546,"remaining_time":0.03882638713},
{"learn":[0.184833977],"iteration":149,"passed_time":0.1143540212,"remaining_time":0.03811800707},
{"learn":[0.1837638219],"iteration":150,"passed_time":0.1153058336,"remaining_time":0.03741712482},
{"learn":[0.182213015],"iteration":151,"passed_time":0.116000436,"remaining_time":0.03663171664},
{"learn":[0.1807852056],"iteration":152,"passed_time":0.1169261819,"remaining_time":0.03591850032},
{"learn":[0.1798611879],"iteration":153,"passed_time":0.1178316314,"remaining_time":0.03519646133},
{"learn":[0.1786770423],"iteration":154,"passed_time":0.1185738872,"remaining_time":0.03442467692},
{"learn":[0.1774531073],"iteration":155,"passed_time":0.1194499235,"remaining_time":0.03369100407},
{"learn":[0.1761551036],"iteration":156,"passed_time":0.1204179295,"remaining_time":0.0329807068},
{"learn":[0.1747498512],"iteration":157,"passed_time":0.1213102197,"remaining_time":0.03224702043},
{"learn":[0.1731094784],"iteration":158,"passed_time":0.1218680279,"remaining_time":0.03142508897},
{"learn":[0.1723357439],"iteration":159,"passed_time":0.1227645958,"remaining_time":0.03069114894},
{"learn":[0.1719715065],"iteration":160,"passed_time":0.1230128142,"remaining_time":0.02979813512},
{"learn":[0.1709504392],"iteration":161,"passed_time":0.1238753636,"remaining_time":0.02905718405},
{"learn":[0.1698964967],"iteration":162,"passed_time":0.1243568556,"remaining_time":0.0282282433},
{"learn":[0.1691670153],"iteration":163,"passed_time":0.1246536936,"remaining_time":0.0273630059},
{"learn":[0.16819138],"iteration":164,"passed_time":0.1255359939,"remaining_time":0.02662884718},
{"learn":[0.1667706701],"iteration":165,"passed_time":0.1260757214,"remaining_time":0.02582273811},
{"learn":[0.1653181712],"iteration":166,"passed_time":0.1269854902,"remaining_time":0.02509294119},
{"learn":[0.1645496554],"iteration":167,"passed_time":0.1279555524,"remaining_time":0.02437248617},
{"learn":[0.1635648939],"iteration":168,"passed_time":0.1286769217,"remaining_time":0.02360345901},
{"learn":[0.1629149384],"iteration":169,"passed_time":0.1296314399,"remaining_time":0.02287613645},
{"learn":[0.1621562375],"iteration":170,"passed_time":0.1300725194,"remaining_time":0.02205908223},
{"learn":[0.1613958412],"iteration":171,"passed_time":0.1310314647,"remaining_time":0.02133070356},
{"learn":[0.1602279743],"iteration":172,"passed_time":0.1320416804,"remaining_time":0.0206076611},
{"learn":[0.1594624784],"iteration":173,"passed_time":0.1324785021,"remaining_time":0.01979563824},
{"learn":[0.1586101585],"iteration":174,"passed_time":0.1331442586,"remaining_time":0.01902060837},
{"learn":[0.1574795643],"iteration":175,"passed_time":0.1337837536,"remaining_time":0.01824323913},
{"learn":[0.1564177407],"iteration":176,"passed_time":0.1346244492,"remaining_time":0.01749357249},
{"learn":[0.1555125184],"iteration":177,"passed_time":0.1354484491,"remaining_time":0.01674081955},
{"learn":[0.1547067563],"iteration":178,"passed_time":0.1362647041,"remaining_time":0.01598636194},
{"learn":[0.1537883679],"iteration":179,"passed_time":0.1371169797,"remaining_time":0.01523521997},
{"learn":[0.1525917053],"iteration":180,"passed_time":0.1380229011,"remaining_time":0.01448859183},
{"learn":[0.1515369548],"iteration":181,"passed_time":0.1388322385,"remaining_time":0.01373066095},
{"learn":[0.150427368],"iteration":182,"passed_time":0.1397059116,"remaining_time":0.01297814479},
{"learn":[0.1498033603],"iteration":183,"passed_time":0.1405469427,"remaining_time":0.01222147328},
{"learn":[0.1490938796],"iteration":184,"passed_time":0.1414319636,"remaining_time":0.01146745651},
{"learn":[0.1479881869],"iteration":185,"passed_time":0.1422882395,"remaining_time":0.01070986749},
{"learn":[0.1471033361],"iteration":186,"passed_time":0.1430605551,"remaining_time":0.009945386186},
{"learn":[0.1462012264],"iteration":187,"passed_time":0.1435843804,"remaining_time":0.009164960454},
{"learn":[0.1453230249],"iteration":188,"passed_time":0.1439603853,"remaining_time":0.008378646764},
{"learn":[0.144094348],"iteration":189,"passed_time":0.1448172918,"remaining_time":0.007621962725},
{"learn":[0.1432914469],"iteration":190,"passed_time":0.1456738425,"remaining_time":0.006864212472},
{"learn":[0.1425445875],"iteration":191,"passed_time":0.1466122588,"remaining_time":0.006108844117},
{"learn":[0.1418027083],"iteration":192,"passed_time":0.147491662,"remaining_time":0.00534943852},
{"learn":[0.1406678624],"iteration":193,"passed_time":0.1484300809,"remaining_time":0.004590621058},
{"learn":[0.1399749385],"iteration":194,"passed_time":0.1492551866,"remaining_time":0.003827056066},
{"learn":[0.1389556726],"iteration":195,"passed_time":0.1501298031,"remaining_time":0.003063873533},
{"learn":[0.1381762293],"iteration":196,"passed_time":0.150963062,"remaining_time":0.002298929878},
{"learn":[0.1373809179],"iteration":197,"passed_time":0.1516037495,"remaining_time":0.001531351005},
{"learn":[0.1366358598],"iteration":198,"passed_time":0.1524610787,"remaining_time":0.000766136074},
{"learn":[0.135887093],"iteration":199,"passed_time":0.1533037288,"remaining_time":0}
]}